{
    "images": [
        {
            "height": 531,
            "width": 447,
            "id": 0,
            "file_name": "000533c1-a4e0-4012-964d-f5192d1133af.png"
        },
        {
            "height": 960,
            "width": 720,
            "id": 1,
            "file_name": "000fece5-ba4c-4eb9-9922-4e3761928919.png"
        }
    ],
    "categories": [
        {
            "supercategory": "region",
            "id": 0,
            "name": "region"
        }
    ],
    "annotations": [
        {
            "segmentation": [
                [
                    116.93939393939391,
                    291.1212121212121,
                    140.57575757575756,
                    323.2424242424242,
                    160.57575757575756,
                    346.27272727272725,
                    187.84848484848482,
                    360.8181818181818,
                    230.87878787878788,
                    375.3636363636363,
                    276.9393939393939,
                    374.1515151515151,
                    297.5454545454545,
                    342.030303030303,
                    315.12121212121207,
                    311.12121212121207,
                    327.2424242424242,
                    270.5151515151515,
                    335.12121212121207,
                    255.36363636363632,
                    333.30303030303025,
                    231.72727272727272,
                    341.18181818181813,
                    201.4242424242424,
                    333.9090909090909,
                    163.24242424242422,
                    329.66666666666663,
                    128.6969696969697,
                    315.7272727272727,
                    99.6060606060606,
                    305.4242424242424,
                    61.42424242424242,
                    274.5151515151515,
                    35.36363636363636,
                    236.93939393939394,
                    17.18181818181818,
                    199.96969696969694,
                    8.09090909090909,
                    150.87878787878785,
                    11.121212121212121,
                    110.87878787878788,
                    22.636363636363633,
                    72.69696969696969,
                    60.212121212121204,
                    60.575757575757564,
                    98.99999999999999,
                    59.363636363636346,
                    140.2121212121212,
                    64.21212121212119,
                    165.06060606060603,
                    62.39393939393938,
                    193.54545454545453,
                    66.63636363636363,
                    229.30303030303028,
                    75.1212121212121,
                    248.09090909090907,
                    80.57575757575756,
                    269.9090909090909,
                    76.93939393939394,
                    288.6969696969697,
                    94.5151515151515,
                    297.18181818181813,
                    102.39393939393938,
                    289.30303030303025
                ]
            ],
            "iscrowd": 0,
            "area": 80936.63911845733,
            "image_id": 0,
            "bbox": [
                59.0,
                8.0,
                282.0,
                367.0
            ],
            "category_id": 0,
            "id": 1
        },
        {
            "segmentation": [
                [
                    534.043956043956,
                    584.9120879120879,
                    582.3956043956043,
                    560.7362637362637,
                    605.4725274725274,
                    523.3736263736264,
                    608.7692307692307,
                    506.8901098901099,
                    620.8571428571428,
                    483.8131868131868,
                    625.2527472527472,
                    459.6373626373626,
                    623.054945054945,
                    443.15384615384613,
                    608.7692307692307,
                    444.2527472527472,
                    604.3736263736264,
                    417.8791208791209,
                    591.1868131868132,
                    381.6153846153846,
                    576.9010989010989,
                    356.34065934065933,
                    548.3296703296703,
                    344.2527472527472,
                    516.4615384615385,
                    333.26373626373623,
                    491.1868131868132,
                    345.35164835164835,
                    459.31868131868134,
                    372.8241758241758,
                    446.13186813186815,
                    401.3956043956044,
                    447.23076923076917,
                    444.2527472527472,
                    446.13186813186815,
                    457.4395604395604,
                    443.93406593406587,
                    471.7252747252747,
                    450.52747252747247,
                    500.2967032967033,
                    459.31868131868134,
                    525.5714285714286,
                    485.6923076923076,
                    560.7362637362637,
                    507.6703296703297,
                    581.6153846153846
                ]
            ],
            "iscrowd": 0,
            "area": 33192.247313126456,
            "image_id": 1,
            "bbox": [
                443.0,
                333.0,
                182.0,
                251.0
            ],
            "category_id": 0,
            "id": 2
        },
        {
            "segmentation": [
                [
                    430.7472527472527,
                    632.1648351648352,
                    459.31868131868134,
                    621.1758241758241,
                    482.3956043956043,
                    602.4945054945055,
                    486.79120879120876,
                    584.9120879120879,
                    484.5934065934066,
                    559.6373626373626,
                    460.41758241758237,
                    526.6703296703297,
                    454.9230769230769,
                    500.2967032967033,
                    446.13186813186815,
                    469.5274725274725,
                    446.13186813186815,
                    449.74725274725273,
                    441.7362637362637,
                    439.85714285714283,
                    424.1538461538461,
                    435.46153846153845,
                    395.5824175824175,
                    444.2527472527472,
                    376.90109890109886,
                    464.032967032967,
                    365.91208791208794,
                    501.3956043956044,
                    365.91208791208794,
                    533.2637362637363,
                    368.1098901098901,
                    572.8241758241758,
                    371.4065934065934,
                    610.1868131868132,
                    350.52747252747247,
                    635.4615384615385,
                    315.3626373626373,
                    658.5384615384615,
                    290.08791208791206,
                    680.5164835164835,
                    291.1868131868132,
                    703.5934065934066,
                    312.065934065934,
                    697.0,
                    321.9560439560439,
                    702.4945054945055,
                    340.63736263736257,
                    710.1868131868132,
                    357.12087912087907,
                    723.3736263736264,
                    368.1098901098901,
                    731.065934065934,
                    383.49450549450546,
                    700.2967032967033,
                    391.1868131868132,
                    659.6373626373626,
                    395.5824175824175,
                    647.5494505494505,
                    408.7692307692307,
                    631.065934065934,
                    408.7692307692307,
                    617.8791208791208
                ]
            ],
            "iscrowd": 0,
            "area": 24227.750271706376,
            "image_id": 1,
            "bbox": [
                290.0,
                435.0,
                196.0,
                296.0
            ],
            "category_id": 0,
            "id": 3
        }
    ]
}